{
  "label": "Substrat",
  "version": "1.0",
  "items": [
    { "id": "ardoises", "label": "Ardoises" },
    { "id": "bardage_metal", "label": "Bardage métallique" },
    { "id": "beton", "label": "Béton" },
    { "id": "bitume", "label": "Bitume" },
    { "id": "bois", "label": "Bois" },
    { "id": "bois_lamelle", "label": "Bois lamellé" },
    { "id": "briques", "label": "Briques" },
    { "id": "ciment", "label": "Ciment" },
    { "id": "crepi", "label": "Crépi" },
    { "id": "enduit", "label": "Enduit" },
    { "id": "lambris_bois", "label": "Lambris bois" },
    { "id": "lambris_metal", "label": "Lambris métallique" },
    { "id": "lambris_pvc", "label": "Lambris PVC" },
    { "id": "lattis_platre", "label": "Lattis plâtré" },
    { "id": "maconnerie", "label": "Maçonnerie" },
    { "id": "marbre", "label": "Marbre" },
    { "id": "parpaings", "label": "Parpaings" },
    { "id": "parquet_bois", "label": "Parquet bois" },
    { "id": "parquet_flottant", "label": "Parquet flottant" },
    { "id": "pierres", "label": "Pierres" },
    { "id": "placo", "label": "Placoplâtre" },
    { "id": "plancher_bois", "label": "Plancher bois" },
    { "id": "plastique", "label": "Plastique (lino)" },
    { "id": "platre", "label": "Plâtre" },
    { "id": "pvc", "label": "PVC" },
    { "id": "resine", "label": "Résine" },
    { "id": "tomettes", "label": "Tomettes" },
    { "id": "torchis", "label": "Torchis" },
    { "id": "tuiles", "label": "Tuiles" },
    { "id": "vitrage", "label": "Vitrage" }
  ]
}
